vl	variant	test	agrdt	zVl
9.439332693830265	wt	0	1	2.123342940040439
9.413299764081252	wt	0	1	2.1035795903757943
9.389166084364533	wt	0	1	2.0852580892795074
9.324282455297691	wt	0	1	2.0360005581017973
9.318063334962762	wt	0	1	2.03127920514726
9.313867220369154	wt	0	1	2.02809365205178
8.719331286983726	wt	0	1	1.5767413973122422
8.660865478003869	wt	0	1	1.5323560654485038
8.575187844927662	wt	0	1	1.467312405850854
8.394451680826217	wt	0	1	1.330103415444419
8.354108439147401	wt	0	1	1.29947614453827
8.330413773349191	wt	0	1	1.28148792846456
8.30319605742049	wt	0	1	1.260825127844037
8.294466226161592	wt	0	1	1.2541977251910763
8.079181246047625	wt	0	1	1.0907604025170874
8.204119982655925	wt	0	1	1.1856098090977114
7.898176483497677	wt	0	1	0.953347500944743
7.835056101720117	wt	0	1	0.9054285694966534
7.722633922533812	wt	0	1	0.8200813243443985
7.683947130751513	wt	0	1	0.7907115760767863
7.6414741105041	wt	0	1	0.7584674468698137
7.509202522331103	wt	0	1	0.6580511789751053
7.599883072073688	wt	0	1	0.7268928894404051
7.555094448578319	wt	0	1	0.6928908299076811
7.523746466811565	wt	0	1	0.6690924664153505
7.380211241711606	wt	0	1	0.5601252133941372
7.130333768495007	wt	0	1	0.3704264002328889
7.093421685162235	wt	0	1	0.3424039526332757
7.089905111439398	wt	0	0	0.3397342847635438
6.986771734266245	wt	0	0	0.2614387945970505
6.93801909747621	wt	0	1	0.2244273856913168
6.929418925714293	wt	0	1	0.2178984162919649
6.870403905279027	wt	0	1	0.1730961410362338
6.834420703681532	wt	0	1	0.1457788700997304
6.624282095835668	wt	0	1	-0.0137514949010519
6.5843312243675305	wt	0	1	-0.0440808911635712
6.61066016308988	wt	0	1	-0.0240928211581753
6.539076098792776	wt	0	1	-0.0784371038324603
6.5276299008713385	wt	0	0	-0.0871266833009677
6.552668216112194	wt	0	1	-0.0681184124728478
6.552668216112194	wt	0	1	-0.0681184124728478
6.456366033129043	wt	0	1	-0.1412278832129558
6.3979400086720375	wt	0	1	-0.1855830119668656
6.363611979892144	wt	0	1	-0.2116437297814172
6.311753861055754	wt	0	1	-0.2510127191881205
6.235528446907549	wt	0	0	-0.3088805630177443
6.209515014542631	wt	0	1	-0.3286291109054437
6.195899652409234	wt	0	0	-0.3389654489683275
6.176091259055681	wt	0	1	-0.3540033339822475
6.096910013008056	wt	0	1	-0.4141151488109618
6.056904851336473	wt	0	0	-0.4444857604220573
5.991226075692495	wt	0	1	-0.4943469409004853
5.937517892017347	wt	0	1	-0.5351204390836947
5.947433721887051	wt	0	1	-0.5275926650367673
5.871572935545879	wt	0	1	-0.5851836953491525
5.840733234611807	wt	0	1	-0.6085961886408953
5.82865989653532	wt	0	1	-0.6177618724239179
5.804139432335351	wt	0	1	-0.636377007662079
5.764176132390331	wt	0	0	-0.6667158392181589
5.799340549453582	wt	0	0	-0.6400201627470604
5.7283537820212285	wt	0	1	-0.6939109971577249
5.721810615212546	wt	0	1	-0.6988783556072284
5.718501688867274	wt	0	1	-0.7013903843725906
5.678518379040114	wt	0	0	-0.7317444067773875
5.666517980554881	wt	0	1	-0.7408547172059613
5.587710965018911	wt	0	1	-0.8006824284578465
5.545307116465824	wt	0	0	-0.8328740447746057
5.3979400086720375	wt	0	0	-0.944750337933912
5.32221929473392	wt	0	0	-1.0022350298546283
5.305351369446623	wt	0	0	-1.015040607589597
5.328379603438738	wt	0	1	-0.99755832476806
5.260071387985075	wt	0	0	-1.0494156900355982
5.243038048686294	wt	0	1	-1.0623468446833428
5.187520720836463	wt	0	1	-1.1044937860119357
5.08278537031645	wt	0	1	-1.184005442000435
4.27415784926368	wt	0	0	-1.7978890348614278
4.555094448578319	wt	0	0	-1.5846111479934577
4.688419822002711	wt	0	0	-1.483394880767304
4.693726948923647	wt	0	0	-1.4793658834141692
4.938519725176492	wt	0	0	-1.2935272060502478
5.012837224705172	wt	0	0	-1.2371077886605022
5.096910013008056	wt	0	1	-1.1732824747780082
5.123851640967086	wt	0	0	-1.1528292711231527
5.348304863048161	wt	0	0	-0.9824317187111754
5.48572142648158	wt	0	1	-0.8781095537058458
9.439332693830265	wt	1	1	2.123342940040439
9.413299764081252	wt	1	1	2.1035795903757943
9.389166084364533	wt	1	1	2.0852580892795074
9.324282455297691	wt	1	1	2.0360005581017973
9.318063334962762	wt	1	1	2.03127920514726
9.313867220369154	wt	1	1	2.02809365205178
8.719331286983726	wt	1	1	1.5767413973122422
8.660865478003869	wt	1	1	1.5323560654485038
8.575187844927662	wt	1	1	1.467312405850854
8.394451680826217	wt	1	1	1.330103415444419
8.354108439147401	wt	1	1	1.29947614453827
8.330413773349191	wt	1	1	1.28148792846456
8.30319605742049	wt	1	1	1.260825127844037
8.294466226161592	wt	1	1	1.2541977251910763
8.079181246047625	wt	1	1	1.0907604025170874
8.204119982655925	wt	1	1	1.1856098090977114
7.898176483497677	wt	1	1	0.953347500944743
7.835056101720117	wt	1	1	0.9054285694966534
7.722633922533812	wt	1	1	0.8200813243443985
7.683947130751513	wt	1	1	0.7907115760767863
7.6414741105041	wt	1	1	0.7584674468698137
7.509202522331103	wt	1	1	0.6580511789751053
7.599883072073688	wt	1	1	0.7268928894404051
7.555094448578319	wt	1	1	0.6928908299076811
7.523746466811565	wt	1	1	0.6690924664153505
7.380211241711606	wt	1	1	0.5601252133941372
7.130333768495007	wt	1	1	0.3704264002328889
7.093421685162235	wt	1	1	0.3424039526332757
7.089905111439398	wt	1	0	0.3397342847635438
6.986771734266245	wt	1	0	0.2614387945970505
6.93801909747621	wt	1	1	0.2244273856913168
6.929418925714293	wt	1	1	0.2178984162919649
6.870403905279027	wt	1	1	0.1730961410362338
6.834420703681532	wt	1	1	0.1457788700997304
6.624282095835668	wt	1	1	-0.0137514949010519
6.5843312243675305	wt	1	1	-0.0440808911635712
6.61066016308988	wt	1	1	-0.0240928211581753
6.539076098792776	wt	1	1	-0.0784371038324603
6.5276299008713385	wt	1	0	-0.0871266833009677
6.552668216112194	wt	1	1	-0.0681184124728478
6.552668216112194	wt	1	0	-0.0681184124728478
6.456366033129043	wt	1	1	-0.1412278832129558
6.3979400086720375	wt	1	1	-0.1855830119668656
6.363611979892144	wt	1	1	-0.2116437297814172
6.311753861055754	wt	1	1	-0.2510127191881205
6.235528446907549	wt	1	0	-0.3088805630177443
6.209515014542631	wt	1	1	-0.3286291109054437
6.195899652409234	wt	1	1	-0.3389654489683275
6.176091259055681	wt	1	1	-0.3540033339822475
6.096910013008056	wt	1	1	-0.4141151488109618
6.056904851336473	wt	1	0	-0.4444857604220573
5.991226075692495	wt	1	1	-0.4943469409004853
5.937517892017347	wt	1	1	-0.5351204390836947
5.947433721887051	wt	1	1	-0.5275926650367673
5.871572935545879	wt	1	1	-0.5851836953491525
5.840733234611807	wt	1	1	-0.6085961886408953
5.82865989653532	wt	1	1	-0.6177618724239179
5.804139432335351	wt	1	1	-0.636377007662079
5.764176132390331	wt	1	0	-0.6667158392181589
5.799340549453582	wt	1	0	-0.6400201627470604
5.7283537820212285	wt	1	1	-0.6939109971577249
5.721810615212546	wt	1	1	-0.6988783556072284
5.718501688867274	wt	1	1	-0.7013903843725906
5.678518379040114	wt	1	0	-0.7317444067773875
5.666517980554881	wt	1	1	-0.7408547172059613
5.587710965018911	wt	1	1	-0.8006824284578465
5.545307116465824	wt	1	0	-0.8328740447746057
5.3979400086720375	wt	1	0	-0.944750337933912
5.32221929473392	wt	1	0	-1.0022350298546283
5.305351369446623	wt	1	0	-1.015040607589597
5.328379603438738	wt	1	1	-0.99755832476806
5.260071387985075	wt	1	0	-1.0494156900355982
5.243038048686294	wt	1	1	-1.0623468446833428
5.187520720836463	wt	1	1	-1.1044937860119357
5.08278537031645	wt	1	1	-1.184005442000435
4.27415784926368	wt	1	0	-1.7978890348614278
4.555094448578319	wt	1	0	-1.5846111479934577
4.688419822002711	wt	1	0	-1.483394880767304
4.693726948923647	wt	1	0	-1.4793658834141692
4.938519725176492	wt	1	0	-1.2935272060502478
5.012837224705172	wt	1	0	-1.2371077886605022
5.096910013008056	wt	1	1	-1.1732824747780082
5.123851640967086	wt	1	0	-1.1528292711231527
5.348304863048161	wt	1	0	-0.9824317187111754
5.48572142648158	wt	1	1	-0.8781095537058458
